John,Doe,johndoe0@example.com
Jane,Smith,janesmith1@demo.com
Michael,Johnson,michaeljohnson2@sample.org
Sarah,Williams,sarahwilliams3@test.net
William,Brown,williambrown4@email.com
Jessica,Jones,jessicajones5@example.com
Henry,Miller,henrymiller6@demo.com
Emily,Davis,emilydavis7@sample.org
George,Garcia,georgegarcia8@test.net
Emma,Wilson,emmawilson9@email.com
Alice,Norton,alicenorton0@example
Bob,Olsen,bobolsen1demo
Charlie,Parker,charlieparker2@sample.org
Diana,Quinn,dianaquinn3.test.net
Ethan,Rivers,ethanrivers4email@.com
Fiona,Stewart,fionastewart5example
Gavin,Turner,gavinturner6demo@
Hannah,Underwood,hannahunderwood7sample.org
Ian,Vance,ianvance8.test.net
Julia,Wells,juliawells9email.com